Character	Major	Minor	Colour	Basic Image	Special Image
Jango Fett	Yellow	Strong	#1b286b	https://images-cdn.fantasyflightgames.com/filer_public/bc/7d/bc7dc074-ceaa-4cbb-8d66-34deaa0a5f95/swd_jangofett_aa.jpg	https://lumiere-a.akamaihd.net/v1/images/databank_jangofett_01_169_884cefab.jpeg?region=0%2C0%2C1560%2C878
Zam Wesell	Yellow	Strong	#793fa6	https://wallpapers.com/images/hd/zam-wesell-1275-x-1755-wallpaper-hy0apsy7orb1q70d.jpg	https://pm1.aminoapps.com/6300/aef97a87d21506cb83cb3a372960d7d91cc8bbfd_00.jpg
Obi-Wan Kenobi	Blue	Melee Minor	#704a22	https://cdn.britannica.com/07/251807-050-25C3BBAA/Promotional-photo-Ewan-McGregor-Star-Wars-III-Revenge-of-the-Sith.jpg	https://preview.redd.it/anyone-else-thinks-the-lightsaber-hilt-is-too-big-in-the-v0-n3oa8juh6cqa1.jpg?width=640&crop=smart&auto=webp&s=837366b28f9f7e66db090dc661caa326e8252ded
Clone Trooper (212th)		Weak	#b5640d	https://i.redd.it/xp5t56sdu4ef1.jpeg	
Luke Skywalker	Red	Melee Minor	#1d261e	https://scontent-iad3-1.xx.fbcdn.net/v/t39.30808-6/550404502_3391857477620616_4543193737696995071_n.jpg?stp=dst-jpg_p526x296_tt6&_nc_cat=109&ccb=1-7&_nc_sid=aa7b47&_nc_ohc=vMrkH5rNS9oQ7kNvwEkbfp_&_nc_oc=AdnhtkZAxf1oxKScoVvaE5RXC7f2gdYiky7ed2BDrqg93vtST1b8ulEyhY94tXyppYi7vnQKuO7HeNOu69X1igGs&_nc_zt=23&_nc_ht=scontent-iad3-1.xx&_nc_gid=5g69WiPQNYG2ReqE-HzcuQ&oh=00_AfhpfgRhcAfTQS6KPz2hhA1zsKX1lzW_4wZ6Io2QRNEaBQ&oe=690CD72C	https://lumiere-a.akamaihd.net/v1/images/60edd872ad77200001029a8b-image_a0c32ebb.jpeg?region=0,0,1536,864
Leia Organa	Yellow	Strong	#38543b	https://preview.redd.it/yhxwezjqqfg71.jpg?width=640&crop=smart&auto=webp&s=93c416e9e6a50928cf4001824fa90a8d9cb54e01	https://4.bp.blogspot.com/-iBZU-gUt5dY/UBlzpnabRCI/AAAAAAAAAas/DHgCgTlxsIc/s1600/Princess+Leia+1.jpg
Yoda	Green	Melee Minor	#033004	https://qph.cf2.quoracdn.net/main-qimg-d7b73bf889676c442964549fdd1c672d-lq	https://static.independent.co.uk/s3fs-public/thumbnails/image/2013/02/06/19/pg-28-yoda.jpg
Clone Trooper (41st)		Weak	#0a3b10	https://i.pinimg.com/originals/f2/57/01/f25701d19a4ed210862c9cf15d682ca7.jpg	
Emperor Palpatine	Green	Strong	#0c041c	https://i.ytimg.com/vi/s1JGt7e5koc/maxresdefault.jpg	https://e1.pxfuel.com/desktop-wallpaper/479/995/desktop-wallpaper-emperor-palpatine-force-lightning-force-lightning.jpg
Royal Guard		Strong++	#520c19	https://lumiere-a.akamaihd.net/v1/images/databank_emperorsroyalguard_01_169_4a88ce6c.jpeg?region=60%2C70%2C1435%2C808	
Mace Windu	Blue	Melee Minor	#311a42	https://images.saymedia-content.com/.image/t_share/MTc1MTEwOTI1NzkwMDk0NDMx/mace-windu-character-analysis.jpg	https://www.denofgeek.com/wp-content/uploads/2020/12/the-mandalorian-mace-windu.jpg?resize=768%2C432
Clone Trooper (187th)		Weak	#5b136e	https://images-wixmp-ed30a86b8c4ca887773594c2.wixmp.com/f/d504980d-f557-4b0d-bb33-a18f34348f26/dfrgdlw-7d6755f1-e406-4975-aba0-c0424514283a.jpg?token=eyJ0eXAiOiJKV1QiLCJhbGciOiJIUzI1NiJ9.eyJzdWIiOiJ1cm46YXBwOjdlMGQxODg5ODIyNjQzNzNhNWYwZDQxNWVhMGQyNmUwIiwiaXNzIjoidXJuOmFwcDo3ZTBkMTg4OTgyMjY0MzczYTVmMGQ0MTVlYTBkMjZlMCIsIm9iaiI6W1t7InBhdGgiOiIvZi9kNTA0OTgwZC1mNTU3LTRiMGQtYmIzMy1hMThmMzQzNDhmMjYvZGZyZ2Rsdy03ZDY3NTVmMS1lNDA2LTQ5NzUtYWJhMC1jMDQyNDUxNDI4M2EuanBnIn1dXSwiYXVkIjpbInVybjpzZXJ2aWNlOmZpbGUuZG93bmxvYWQiXX0.37Hw0zgh6jtSMIeOfNJW0tCQ4kWFGElMJcsDXYs0rvg	
Han Solo	Yellow+	Strong	#75682e	https://compote.slate.com/images/2b6fb34a-8047-4e17-b3d5-64987519657d.jpg?crop=1180%2C842%2Cx0%2Cy0&width=1280	https://lumiere-a.akamaihd.net/v1/images/han-solo-main_a4c8ff79.jpeg?region=420%2C0%2C1080%2C1080
Chewbacca	Yellow	Strong+	#664021	https://lumiere-a.akamaihd.net/v1/images/5e94826f7d7499000120d564-image_f9b9d30e.jpeg?region=192%2C0%2C1152%2C864	https://wallpapers.com/images/hd/wookiee-1168-x-1200-wallpaper-0b1mufl04ikrza05.jpg
Count Dooku	Blue	Melee Minor	#1c1c1c	https://preview.redd.it/your-thoughts-on-count-dooku-darth-tyranus-v0-uvm4muy8ci3e1.jpeg?auto=webp&s=5f540c78a56d7258c3f467fe178940a43c5d575a	https://lumiere-a.akamaihd.net/v1/images/Count-Dooku_4f552149.jpeg?region=0%2C0%2C1436%2C808
B2 Super Battle Droid		Strong+	#252b3d	https://lumiere-a.akamaihd.net/v1/images/Super-Battle-Droid_f8b9df0b.jpeg?region=0%2C0%2C1440%2C720	
Darth Vader	Red	Melee Minor	#361b23	https://www.sideshow.com/cdn-cgi/image/height=850,quality=90,f=auto/https://www.sideshow.com/storage/product-images/502630U/sideshow-collectibles-star-wars-darth-vader-assault-on-tantive-iv-art-print-gallery-67773781771b3.jpg	https://static0.srcdn.com/wordpress/wp-content/uploads/2024/12/darth-vader.jpg?w=1600&h=900&fit=crop
Stormtrooper		Weak	#bfbfbf	https://wallpapers.com/images/hd/stormtrooper-under-bright-sky-7pqxxf47scaawz8q.jpg	
Darth Maul	Red	Melee Minor	#8c251d	https://www.komar.de/media/catalog/product/cache/5/image/9df78eab33525d08d6e5fb8d27136e95/import/api-v1.1-file-public-files-pim-assets-97-ad-84-62-6284ad972eff292d45ce1a2e-images-17-70-f0-65-65f07017b8c78279c90f16a7-dx4-041-star-wars-classic-darth-maul-web.jpg	https://static0.srcdn.com/wordpress/wp-content/uploads/2019/02/ray-park-as-darth-maul-in-star-wars-episode.jpg
B1 Battle Droid		Weak	#917027	https://cdn.nerdist.com/wp-content/uploads/2019/10/13074644/B1-Battle-Droids.jpg	
Boba Fett	Yellow	Strong	#0e4d25	https://knect365.imgix.net/uploads/Boba-Originals-72fed13e0131c5bb8dcfe1a53e6604eb-5e76607c01f5eb2d387d454291a21fae.jpg?auto=format&fit=max&w=412&dpr=5	https://media.wired.com/photos/5bdc8fe56769e65feda18800/3:2/w_2560%2Cc_limit/TESB-BobaFett-F51977.jpg
Greedo	Yellow	Strong	#4a3f07	https://rpggamer.org/uploaded_images/Swk_greedo.jpg	https://static0.srcdn.com/wordpress/wp-content/uploads/2016/09/Greedo.jpg?w=1200&h=628&fit=crop
Anakin Skywalker	Red	Melee Minor	#18132e	https://sithpacify.wordpress.com/wp-content/uploads/2016/05/zjg9tln.jpg?w=1272	https://wallpapers.com/images/hd/anakin-skywalker-dual-lightsabers-zt2yslid5lwt6q8c.jpg
Padm√© Amidala	Yellow	Strong	#5c502b	https://cdn.mos.cms.futurecdn.net/zfijo6HufDcQTEFZajrZu6-970-80.jpg.webp	https://i.redd.it/v2g9momqze701.jpg